[
	{
		name : "Daniel",
		email : "daniel@fuindicado.com",
		login : "danielflcampos1",
		password : "0123",
		createDate : {"$date":"2016-07-01T03:00:00.000Z"}, 
		numerToPassword :  "123",
		lastLoginDate: {"$date":"2016-07-15T03:00:00.000Z"}
	}, 

	{
		name : "Sérgio",
		email : "sergio@fuindicado.com",
		login : "sergioFelinto",
		password : "0123",
		createDate : {"$date":"2016-08-15T03:00:00.000Z"},
		numerToPassword :  "123",
		lastLoginDate: {"$date":"2016-08-30T03:00:00.000Z"}
	},

	{
		name : "Rafael",
		email : "rafael@fuindicado.com",
		login : "rafaelMacedo",
		password : "0123",
		createDate : {"$date":"2016-09-08T03:00:00.000Z"},
		numerToPassword :  "123",
		lastLoginDate: {"$date":"2016-10-11T03:00:00.000Z"}
	},

	{
		name : "Matteus",
		email : "matteus@fuindicado.com",
		login : "matteusSilva",
		password : "0123",
		createDate :  {"$date":"2016-10-15T03:00:00.000Z"},
		numerToPassword :  "123",
		lastLoginDate: {"$date":"2016-11-03T03:00:00.000Z"}
	},

	{
		name : "Maria",
		email : "maria123@hotmail.com",
		login : "maria123",
		password : "0123",
		createDate :  {"$date":"2016-05-25T03:00:00.000Z"},
		numerToPassword :  "123",
		lastLoginDate: {"$date":"2016-07-06T03:00:00.000Z"}
	},

	{
		name : "Joana",
		email : "joana.carla@gmail.com",
		login : "jocarla",
		password : "0123",
		createDate :  {"$date":"2016-02-28T03:00:00.000Z"},
		numerToPassword :  "123",
		lastLoginDate: {"$date":"2016-09-19T03:00:00.000Z"}
	},

	{
		name : "Andressa",
		email : "andressa.luiza@hotmail.com",
		login : "andressalu",
		password : "0123",
		createDate :  {"$date":"2016-04-22T03:00:00.000Z"},
		numerToPassword :  "123",
		lastLoginDate: {"$date":"2016-10-02T03:00:00.000Z"}
	},

	{
		name : "João",
		email : "joao_borges@gmail.com",
		login : "borges",
		password : "0123",
		createDate :  {"$date":"2016-01-08T03:00:00.000Z"},
		numerToPassword :  "123",
		lastLoginDate: {"$date":"2016-11-01T03:00:00.000Z"}
	},

	{
		name : "Pedro",
		email : "pedroCarlos@yahoo.com",
		login : "pedroCarlos",
		password : "0123",
		createDate :  {"$date":"2015-03-14T03:00:00.000Z"},
		numerToPassword :  "123",
		lastLoginDate: {"$date":"2016-05-03T03:00:00.000Z"}
	}
]
